{
    "version": "2023-08-31",
    "name": "Gemma-3_550_150_summary",
    "model": "Gemma-3",
    "mean_input_tokens": 550,
    "stddev_input_tokens": 150,
    "mean_output_tokens": 150,
    "stddev_output_tokens": 10,
    "num_concurrent_requests": 16,
    "results_inter_token_latency_s_quantiles_p25": 0.19088518918780134,
    "results_inter_token_latency_s_quantiles_p50": 0.2562372851682454,
    "results_inter_token_latency_s_quantiles_p75": 0.3853437160912193,
    "results_inter_token_latency_s_quantiles_p90": 0.4360590990276336,
    "results_inter_token_latency_s_quantiles_p95": 0.4509084999585913,
    "results_inter_token_latency_s_quantiles_p99": 0.4672123201106959,
    "results_inter_token_latency_s_mean": 0.28074966464194656,
    "results_inter_token_latency_s_min": 0.11295448185617216,
    "results_inter_token_latency_s_max": 0.4672434290266192,
    "results_inter_token_latency_s_stddev": 0.11211698858200192,
    "results_ttft_s_quantiles_p25": 15.14476935249877,
    "results_ttft_s_quantiles_p50": 25.947358150999207,
    "results_ttft_s_quantiles_p75": 43.01427954399787,
    "results_ttft_s_quantiles_p90": 50.173264528700386,
    "results_ttft_s_quantiles_p95": 53.19117294704974,
    "results_ttft_s_quantiles_p99": 57.071077947301625,
    "results_ttft_s_mean": 27.784280924366552,
    "results_ttft_s_min": 3.169037417999789,
    "results_ttft_s_max": 59.26040801600175,
    "results_ttft_s_stddev": 16.63763051318826,
    "results_end_to_end_latency_s_quantiles_p25": 28.887648433748836,
    "results_end_to_end_latency_s_quantiles_p50": 39.3630638755003,
    "results_end_to_end_latency_s_quantiles_p75": 56.78469756549839,
    "results_end_to_end_latency_s_quantiles_p90": 63.81703792790249,
    "results_end_to_end_latency_s_quantiles_p95": 67.14165308979936,
    "results_end_to_end_latency_s_quantiles_p99": 71.53182983470214,
    "results_end_to_end_latency_s_mean": 41.679941605800195,
    "results_end_to_end_latency_s_min": 16.15500462500131,
    "results_end_to_end_latency_s_max": 74.28363577800337,
    "results_end_to_end_latency_s_stddev": 16.66959561009779,
    "results_request_output_throughput_token_per_s_quantiles_p25": 2.935437079183202,
    "results_request_output_throughput_token_per_s_quantiles_p50": 4.4663291686803515,
    "results_request_output_throughput_token_per_s_quantiles_p75": 5.932431922789361,
    "results_request_output_throughput_token_per_s_quantiles_p90": 8.401259326563213,
    "results_request_output_throughput_token_per_s_quantiles_p95": 9.770440388864928,
    "results_request_output_throughput_token_per_s_quantiles_p99": 10.226985912089459,
    "results_request_output_throughput_token_per_s_mean": 4.849319403214244,
    "results_request_output_throughput_token_per_s_min": 2.4231447224517924,
    "results_request_output_throughput_token_per_s_max": 10.455675582241776,
    "results_request_output_throughput_token_per_s_stddev": 2.2606118332159877,
    "results_number_input_tokens_quantiles_p25": 471.5,
    "results_number_input_tokens_quantiles_p50": 549.0,
    "results_number_input_tokens_quantiles_p75": 632.0,
    "results_number_input_tokens_quantiles_p90": 817.7,
    "results_number_input_tokens_quantiles_p95": 967.0,
    "results_number_input_tokens_quantiles_p99": 1036.0,
    "results_number_input_tokens_mean": 575.9333333333333,
    "results_number_input_tokens_min": "175",
    "results_number_input_tokens_max": "1036",
    "results_number_input_tokens_stddev": 173.348074123308,
    "results_number_output_tokens_quantiles_p25": 161.0,
    "results_number_output_tokens_quantiles_p50": 168.0,
    "results_number_output_tokens_quantiles_p75": 175.25,
    "results_number_output_tokens_quantiles_p90": 184.0,
    "results_number_output_tokens_quantiles_p95": 187.05,
    "results_number_output_tokens_quantiles_p99": 189.23,
    "results_number_output_tokens_mean": 168.45,
    "results_number_output_tokens_min": "124",
    "results_number_output_tokens_max": "191",
    "results_number_output_tokens_stddev": 12.087849341173776,
    "results_num_requests_started": 60,
    "results_error_rate": 0.0,
    "results_number_errors": 0,
    "results_error_code_frequency": "{}",
    "results_mean_output_throughput_token_per_s": 45.30428466367479,
    "results_num_completed_requests": 60,
    "results_num_completed_requests_per_min": 16.136877885547566,
    "timestamp": 1747145541
}