{
    "version": "2023-08-31",
    "name": "Gemma-3_8192_150_summary",
    "model": "Gemma-3",
    "mean_input_tokens": 8192,
    "stddev_input_tokens": 2048,
    "mean_output_tokens": 150,
    "stddev_output_tokens": 10,
    "num_concurrent_requests": 4,
    "results_inter_token_latency_s_quantiles_p25": 0.1586575350796973,
    "results_inter_token_latency_s_quantiles_p50": 0.17026997746074068,
    "results_inter_token_latency_s_quantiles_p75": 0.1814861625623148,
    "results_inter_token_latency_s_quantiles_p90": 0.6984063246583295,
    "results_inter_token_latency_s_quantiles_p95": 0.7459411843418063,
    "results_inter_token_latency_s_quantiles_p99": 0.779471126668944,
    "results_inter_token_latency_s_mean": 0.25296439288669853,
    "results_inter_token_latency_s_min": 0.13954925819132982,
    "results_inter_token_latency_s_max": 0.7878536122507285,
    "results_inter_token_latency_s_stddev": 0.21158775746458286,
    "results_ttft_s_quantiles_p25": 5.6956882610011235,
    "results_ttft_s_quantiles_p50": 7.070253572499496,
    "results_ttft_s_quantiles_p75": 7.254312740501518,
    "results_ttft_s_quantiles_p90": 8.492814630898284,
    "results_ttft_s_quantiles_p95": 8.770333126299192,
    "results_ttft_s_quantiles_p99": 8.808102577260252,
    "results_ttft_s_mean": 6.841478858250047,
    "results_ttft_s_min": 5.163810439000372,
    "results_ttft_s_max": 8.817544940000516,
    "results_ttft_s_stddev": 1.1123483416036093,
    "results_end_to_end_latency_s_quantiles_p25": 20.77293394924982,
    "results_end_to_end_latency_s_quantiles_p50": 23.700659780497517,
    "results_end_to_end_latency_s_quantiles_p75": 26.04204174700044,
    "results_end_to_end_latency_s_quantiles_p90": 27.578213995300757,
    "results_end_to_end_latency_s_quantiles_p95": 27.768421868201404,
    "results_end_to_end_latency_s_quantiles_p99": 29.928454852841384,
    "results_end_to_end_latency_s_mean": 22.097364639100125,
    "results_end_to_end_latency_s_min": 8.418860588000825,
    "results_end_to_end_latency_s_max": 30.468463099001383,
    "results_end_to_end_latency_s_stddev": 6.324180571257717,
    "results_request_output_throughput_token_per_s_quantiles_p25": 6.2836971048420756,
    "results_request_output_throughput_token_per_s_quantiles_p50": 6.55776484663734,
    "results_request_output_throughput_token_per_s_quantiles_p75": 7.136598296240474,
    "results_request_output_throughput_token_per_s_quantiles_p90": 7.5021283349032934,
    "results_request_output_throughput_token_per_s_quantiles_p95": 7.557661655786557,
    "results_request_output_throughput_token_per_s_quantiles_p99": 7.750000674566055,
    "results_request_output_throughput_token_per_s_mean": 6.022756170306943,
    "results_request_output_throughput_token_per_s_min": 1.1508372135775178,
    "results_request_output_throughput_token_per_s_max": 7.798085429260929,
    "results_request_output_throughput_token_per_s_stddev": 2.0774773765826904,
    "results_number_input_tokens_quantiles_p25": 7246.75,
    "results_number_input_tokens_quantiles_p50": 7991.5,
    "results_number_input_tokens_quantiles_p75": 8691.75,
    "results_number_input_tokens_quantiles_p90": 10102.600000000006,
    "results_number_input_tokens_quantiles_p95": 13935.300000000001,
    "results_number_input_tokens_quantiles_p99": 14654.259999999998,
    "results_number_input_tokens_mean": 8476.4,
    "results_number_input_tokens_min": "5517",
    "results_number_input_tokens_max": "14834",
    "results_number_input_tokens_stddev": 2274.8743030631035,
    "results_number_output_tokens_quantiles_p25": 148.75,
    "results_number_output_tokens_quantiles_p50": 160.5,
    "results_number_output_tokens_quantiles_p75": 170.25,
    "results_number_output_tokens_quantiles_p90": 188.1,
    "results_number_output_tokens_quantiles_p95": 189.1,
    "results_number_output_tokens_quantiles_p99": 190.62,
    "results_number_output_tokens_mean": 142.85,
    "results_number_output_tokens_min": "11",
    "results_number_output_tokens_max": "191",
    "results_number_output_tokens_stddev": 57.773855861043515,
    "results_num_requests_started": 20,
    "results_error_rate": 0.0,
    "results_number_errors": 0,
    "results_error_code_frequency": "{}",
    "results_mean_output_throughput_token_per_s": 21.27777149688591,
    "results_num_completed_requests": 20,
    "results_num_completed_requests_per_min": 8.937110884236294,
    "timestamp": 1747147081
}