{
    "version": "2023-08-31",
    "name": "Gemma-3_16384_150_summary",
    "model": "Gemma-3",
    "mean_input_tokens": 16384,
    "stddev_input_tokens": 4096,
    "mean_output_tokens": 150,
    "stddev_output_tokens": 10,
    "num_concurrent_requests": 4,
    "results_inter_token_latency_s_quantiles_p25": 0.2522813244359291,
    "results_inter_token_latency_s_quantiles_p50": 0.3294360706605547,
    "results_inter_token_latency_s_quantiles_p75": 0.5334806785419908,
    "results_inter_token_latency_s_quantiles_p90": 2.2410858779704723,
    "results_inter_token_latency_s_quantiles_p95": 2.3833942364049476,
    "results_inter_token_latency_s_quantiles_p99": 2.854251444560493,
    "results_inter_token_latency_s_mean": 0.7280817335613016,
    "results_inter_token_latency_s_min": 0.18366381141977972,
    "results_inter_token_latency_s_max": 2.9719657465993805,
    "results_inter_token_latency_s_stddev": 0.853664109416302,
    "results_ttft_s_quantiles_p25": 13.556176760000199,
    "results_ttft_s_quantiles_p50": 22.347888985499594,
    "results_ttft_s_quantiles_p75": 25.23636473049919,
    "results_ttft_s_quantiles_p90": 27.02013227490061,
    "results_ttft_s_quantiles_p95": 28.86406697369985,
    "results_ttft_s_quantiles_p99": 32.02493840273968,
    "results_ttft_s_mean": 20.236403663799685,
    "results_ttft_s_min": 8.49088205299995,
    "results_ttft_s_max": 32.81515625999964,
    "results_ttft_s_stddev": 7.155048151803216,
    "results_end_to_end_latency_s_quantiles_p25": 28.941249303749828,
    "results_end_to_end_latency_s_quantiles_p50": 37.10953569999947,
    "results_end_to_end_latency_s_quantiles_p75": 47.68410341824983,
    "results_end_to_end_latency_s_quantiles_p90": 52.208447130802234,
    "results_end_to_end_latency_s_quantiles_p95": 54.40642579404921,
    "results_end_to_end_latency_s_quantiles_p99": 57.40644058361089,
    "results_end_to_end_latency_s_mean": 37.35450518214984,
    "results_end_to_end_latency_s_min": 12.652135830001498,
    "results_end_to_end_latency_s_max": 58.15644428100131,
    "results_end_to_end_latency_s_stddev": 12.949889186047157,
    "results_request_output_throughput_token_per_s_quantiles_p25": 2.3142405140132443,
    "results_request_output_throughput_token_per_s_quantiles_p50": 3.4759472206387345,
    "results_request_output_throughput_token_per_s_quantiles_p75": 4.4535040313418,
    "results_request_output_throughput_token_per_s_quantiles_p90": 5.283744881764491,
    "results_request_output_throughput_token_per_s_quantiles_p95": 5.43699986614411,
    "results_request_output_throughput_token_per_s_quantiles_p99": 6.082778573723022,
    "results_request_output_throughput_token_per_s_mean": 3.20539341550151,
    "results_request_output_throughput_token_per_s_min": 0.30167354514355826,
    "results_request_output_throughput_token_per_s_max": 6.244223250617751,
    "results_request_output_throughput_token_per_s_stddev": 1.7823861982461486,
    "results_number_input_tokens_quantiles_p25": 14493.5,
    "results_number_input_tokens_quantiles_p50": 16079.0,
    "results_number_input_tokens_quantiles_p75": 17383.75,
    "results_number_input_tokens_quantiles_p90": 20205.30000000001,
    "results_number_input_tokens_quantiles_p95": 27871.550000000003,
    "results_number_input_tokens_quantiles_p99": 29308.71,
    "results_number_input_tokens_mean": 16979.9,
    "results_number_input_tokens_min": "11035",
    "results_number_input_tokens_max": "29668",
    "results_number_input_tokens_stddev": 4537.470207528698,
    "results_number_output_tokens_quantiles_p25": 113.75,
    "results_number_output_tokens_quantiles_p50": 158.5,
    "results_number_output_tokens_quantiles_p75": 168.25,
    "results_number_output_tokens_quantiles_p90": 175.40000000000003,
    "results_number_output_tokens_quantiles_p95": 188.15,
    "results_number_output_tokens_quantiles_p99": 190.43,
    "results_number_output_tokens_mean": 126.9,
    "results_number_output_tokens_min": "9",
    "results_number_output_tokens_max": "191",
    "results_number_output_tokens_stddev": 69.3351130001015,
    "results_num_requests_started": 20,
    "results_error_rate": 0.0,
    "results_number_errors": 0,
    "results_error_code_frequency": "{}",
    "results_mean_output_throughput_token_per_s": 10.883933649371953,
    "results_num_completed_requests": 20,
    "results_num_completed_requests_per_min": 5.146067919324801,
    "timestamp": 1747147335
}