{
    "version": "2023-08-31",
    "name": "Gemma-3_550_150_summary",
    "model": "Gemma-3",
    "mean_input_tokens": 550,
    "stddev_input_tokens": 150,
    "mean_output_tokens": 150,
    "stddev_output_tokens": 10,
    "num_concurrent_requests": 5,
    "additional_sampling_params_top_p": 0.9,
    "results_inter_token_latency_s_quantiles_p25": 0.11458728843062418,
    "results_inter_token_latency_s_quantiles_p50": 0.11547830168521817,
    "results_inter_token_latency_s_quantiles_p75": 0.1161245990531669,
    "results_inter_token_latency_s_quantiles_p90": 0.11692869546976813,
    "results_inter_token_latency_s_quantiles_p95": 0.11756453164153007,
    "results_inter_token_latency_s_quantiles_p99": 0.11958579398293646,
    "results_inter_token_latency_s_mean": 0.11553085981360375,
    "results_inter_token_latency_s_min": 0.11325365850309298,
    "results_inter_token_latency_s_max": 0.12039004314538344,
    "results_inter_token_latency_s_stddev": 0.0015036563167659326,
    "results_ttft_s_quantiles_p25": 3.16312037499938,
    "results_ttft_s_quantiles_p50": 3.182359259499208,
    "results_ttft_s_quantiles_p75": 3.2071668407488687,
    "results_ttft_s_quantiles_p90": 3.2197061953000228,
    "results_ttft_s_quantiles_p95": 3.229683311250665,
    "results_ttft_s_quantiles_p99": 3.250722065080263,
    "results_ttft_s_mean": 3.1862556855000244,
    "results_ttft_s_min": 3.1456147419994522,
    "results_ttft_s_max": 3.2570401640005002,
    "results_ttft_s_stddev": 0.028102167396282178,
    "results_end_to_end_latency_s_quantiles_p25": 16.620689035000396,
    "results_end_to_end_latency_s_quantiles_p50": 17.1904476385007,
    "results_end_to_end_latency_s_quantiles_p75": 17.710102751500017,
    "results_end_to_end_latency_s_quantiles_p90": 18.218668692100618,
    "results_end_to_end_latency_s_quantiles_p95": 18.297056360801253,
    "results_end_to_end_latency_s_quantiles_p99": 18.45052280849213,
    "results_end_to_end_latency_s_mean": 17.07367317660052,
    "results_end_to_end_latency_s_min": 14.182201217998227,
    "results_end_to_end_latency_s_max": 18.492188013002306,
    "results_end_to_end_latency_s_stddev": 0.9666958745639351,
    "results_request_output_throughput_token_per_s_quantiles_p25": 9.687843781158836,
    "results_request_output_throughput_token_per_s_quantiles_p50": 9.841174476336509,
    "results_request_output_throughput_token_per_s_quantiles_p75": 10.023062080018109,
    "results_request_output_throughput_token_per_s_quantiles_p90": 10.287169618024514,
    "results_request_output_throughput_token_per_s_quantiles_p95": 10.31605217651817,
    "results_request_output_throughput_token_per_s_quantiles_p99": 10.326382816066621,
    "results_request_output_throughput_token_per_s_mean": 9.831748862375653,
    "results_request_output_throughput_token_per_s_min": 9.166419091207134,
    "results_request_output_throughput_token_per_s_max": 10.328685814015262,
    "results_request_output_throughput_token_per_s_stddev": 0.30052983771216446,
    "results_number_input_tokens_quantiles_p25": 470.5,
    "results_number_input_tokens_quantiles_p50": 564.0,
    "results_number_input_tokens_quantiles_p75": 626.25,
    "results_number_input_tokens_quantiles_p90": 785.9000000000001,
    "results_number_input_tokens_quantiles_p95": 897.2499999999995,
    "results_number_input_tokens_quantiles_p99": 1015.99,
    "results_number_input_tokens_mean": 561.0,
    "results_number_input_tokens_min": "175",
    "results_number_input_tokens_max": "1036",
    "results_number_input_tokens_stddev": 178.96310542524756,
    "results_number_output_tokens_quantiles_p25": 161.5,
    "results_number_output_tokens_quantiles_p50": 169.0,
    "results_number_output_tokens_quantiles_p75": 174.75,
    "results_number_output_tokens_quantiles_p90": 184.4,
    "results_number_output_tokens_quantiles_p95": 188.0,
    "results_number_output_tokens_quantiles_p99": 190.13,
    "results_number_output_tokens_mean": 168.03333333333333,
    "results_number_output_tokens_min": "130",
    "results_number_output_tokens_max": "191",
    "results_number_output_tokens_stddev": 13.084561403670996,
    "results_num_requests_started": 30,
    "results_error_rate": 0.0,
    "results_number_errors": 0,
    "results_error_code_frequency": "{}",
    "results_mean_output_throughput_token_per_s": 41.046611194730716,
    "results_num_completed_requests": 30,
    "results_num_completed_requests_per_min": 14.656595943367446,
    "timestamp": 1747148416
}