{
    "version": "2023-08-31",
    "name": "Gemma-3_2048_150_summary",
    "model": "Gemma-3",
    "mean_input_tokens": 2048,
    "stddev_input_tokens": 512,
    "mean_output_tokens": 150,
    "stddev_output_tokens": 10,
    "num_concurrent_requests": 4,
    "results_inter_token_latency_s_quantiles_p25": 0.12057999109956233,
    "results_inter_token_latency_s_quantiles_p50": 0.12262478307884347,
    "results_inter_token_latency_s_quantiles_p75": 0.12530434720729,
    "results_inter_token_latency_s_quantiles_p90": 0.12646874793588017,
    "results_inter_token_latency_s_quantiles_p95": 0.12698833573252852,
    "results_inter_token_latency_s_quantiles_p99": 0.12828724719929852,
    "results_inter_token_latency_s_mean": 0.12266417189579845,
    "results_inter_token_latency_s_min": 0.11519977860872635,
    "results_inter_token_latency_s_max": 0.12861197506599104,
    "results_inter_token_latency_s_stddev": 0.0033253996576241007,
    "results_ttft_s_quantiles_p25": 3.5018881322494053,
    "results_ttft_s_quantiles_p50": 3.6765654549999454,
    "results_ttft_s_quantiles_p75": 3.911859935749817,
    "results_ttft_s_quantiles_p90": 4.620884090901018,
    "results_ttft_s_quantiles_p95": 4.674256946748938,
    "results_ttft_s_quantiles_p99": 4.712056485348731,
    "results_ttft_s_mean": 3.8173824493502253,
    "results_ttft_s_min": 3.4352817560029507,
    "results_ttft_s_max": 4.721506369998679,
    "results_ttft_s_stddev": 0.4213087105471383,
    "results_end_to_end_latency_s_quantiles_p25": 17.278446632501073,
    "results_end_to_end_latency_s_quantiles_p50": 17.820081925498016,
    "results_end_to_end_latency_s_quantiles_p75": 18.733127958249497,
    "results_end_to_end_latency_s_quantiles_p90": 18.837172576097508,
    "results_end_to_end_latency_s_quantiles_p95": 18.90950002699865,
    "results_end_to_end_latency_s_quantiles_p99": 19.50711100939872,
    "results_end_to_end_latency_s_mean": 17.980697058449913,
    "results_end_to_end_latency_s_min": 16.624586492998787,
    "results_end_to_end_latency_s_max": 19.65651375499874,
    "results_end_to_end_latency_s_stddev": 0.8311062685289898,
    "results_request_output_throughput_token_per_s_quantiles_p25": 8.969395179522929,
    "results_request_output_throughput_token_per_s_quantiles_p50": 9.260338896950095,
    "results_request_output_throughput_token_per_s_quantiles_p75": 9.399713975103532,
    "results_request_output_throughput_token_per_s_quantiles_p90": 9.757371485175186,
    "results_request_output_throughput_token_per_s_quantiles_p95": 10.122505371072489,
    "results_request_output_throughput_token_per_s_quantiles_p99": 10.133407043122219,
    "results_request_output_throughput_token_per_s_mean": 9.23734415614655,
    "results_request_output_throughput_token_per_s_min": 8.518383046795675,
    "results_request_output_throughput_token_per_s_max": 10.136132461134652,
    "results_request_output_throughput_token_per_s_stddev": 0.4413237650912752,
    "results_number_input_tokens_quantiles_p25": 1781.5,
    "results_number_input_tokens_quantiles_p50": 1997.5,
    "results_number_input_tokens_quantiles_p75": 2172.75,
    "results_number_input_tokens_quantiles_p90": 2525.2000000000016,
    "results_number_input_tokens_quantiles_p95": 3483.8,
    "results_number_input_tokens_quantiles_p99": 3663.16,
    "results_number_input_tokens_mean": 2101.25,
    "results_number_input_tokens_min": "1379",
    "results_number_input_tokens_max": "3708",
    "results_number_input_tokens_stddev": 579.0699326006361,
    "results_number_output_tokens_quantiles_p25": 158.0,
    "results_number_output_tokens_quantiles_p50": 166.5,
    "results_number_output_tokens_quantiles_p75": 171.75,
    "results_number_output_tokens_quantiles_p90": 188.3,
    "results_number_output_tokens_quantiles_p95": 191.0,
    "results_number_output_tokens_quantiles_p99": 191.0,
    "results_number_output_tokens_mean": 166.25,
    "results_number_output_tokens_min": "143",
    "results_number_output_tokens_max": "191",
    "results_number_output_tokens_stddev": 13.333278508659214,
    "results_num_requests_started": 20,
    "results_error_rate": 0.0,
    "results_number_errors": 0,
    "results_error_code_frequency": "{}",
    "results_mean_output_throughput_token_per_s": 30.722608069364806,
    "results_num_completed_requests": 20,
    "results_num_completed_requests_per_min": 11.087858551349704,
    "timestamp": 1747146926
}