{
    "version": "2023-08-31",
    "name": "Gemma-3_550_150_summary",
    "model": "Gemma-3",
    "mean_input_tokens": 550,
    "stddev_input_tokens": 150,
    "mean_output_tokens": 150,
    "stddev_output_tokens": 10,
    "num_concurrent_requests": 5,
    "additional_sampling_params_top_k": 50,
    "results_inter_token_latency_s_quantiles_p25": 0.11494613105554105,
    "results_inter_token_latency_s_quantiles_p50": 0.116244187357823,
    "results_inter_token_latency_s_quantiles_p75": 0.11768117463049646,
    "results_inter_token_latency_s_quantiles_p90": 0.11884274488870866,
    "results_inter_token_latency_s_quantiles_p95": 0.12049796736453001,
    "results_inter_token_latency_s_quantiles_p99": 0.1266439734960442,
    "results_inter_token_latency_s_mean": 0.11669729360879746,
    "results_inter_token_latency_s_min": 0.11355372795059125,
    "results_inter_token_latency_s_max": 0.12880723721988674,
    "results_inter_token_latency_s_stddev": 0.0030099291826463322,
    "results_ttft_s_quantiles_p25": 3.1843885534990477,
    "results_ttft_s_quantiles_p50": 3.2085053800001333,
    "results_ttft_s_quantiles_p75": 3.2258017449985346,
    "results_ttft_s_quantiles_p90": 3.248808775702128,
    "results_ttft_s_quantiles_p95": 3.2589224830009695,
    "results_ttft_s_quantiles_p99": 3.2767850703915244,
    "results_ttft_s_mean": 3.2040539978997304,
    "results_ttft_s_min": 3.137137666999479,
    "results_ttft_s_max": 3.2808683600014774,
    "results_ttft_s_stddev": 0.03655645043581469,
    "results_end_to_end_latency_s_quantiles_p25": 16.765406256999995,
    "results_end_to_end_latency_s_quantiles_p50": 17.084044104500208,
    "results_end_to_end_latency_s_quantiles_p75": 18.0124466342495,
    "results_end_to_end_latency_s_quantiles_p90": 18.258547319300487,
    "results_end_to_end_latency_s_quantiles_p95": 18.548435076851273,
    "results_end_to_end_latency_s_quantiles_p99": 18.849360966718486,
    "results_end_to_end_latency_s_mean": 17.126025372766282,
    "results_end_to_end_latency_s_min": 11.814724171999842,
    "results_end_to_end_latency_s_max": 18.921349705997272,
    "results_end_to_end_latency_s_stddev": 1.2982426666912446,
    "results_request_output_throughput_token_per_s_quantiles_p25": 9.447188581255974,
    "results_request_output_throughput_token_per_s_quantiles_p50": 9.773329890071766,
    "results_request_output_throughput_token_per_s_quantiles_p75": 9.964025187816139,
    "results_request_output_throughput_token_per_s_quantiles_p90": 10.09110663505086,
    "results_request_output_throughput_token_per_s_quantiles_p95": 10.18777362151181,
    "results_request_output_throughput_token_per_s_quantiles_p99": 10.350761808332464,
    "results_request_output_throughput_token_per_s_mean": 9.698967725367691,
    "results_request_output_throughput_token_per_s_min": 8.379374631074656,
    "results_request_output_throughput_token_per_s_max": 10.400654516731324,
    "results_request_output_throughput_token_per_s_stddev": 0.3965228127005775,
    "results_number_input_tokens_quantiles_p25": 470.5,
    "results_number_input_tokens_quantiles_p50": 564.0,
    "results_number_input_tokens_quantiles_p75": 626.25,
    "results_number_input_tokens_quantiles_p90": 785.9000000000001,
    "results_number_input_tokens_quantiles_p95": 897.2499999999995,
    "results_number_input_tokens_quantiles_p99": 1015.99,
    "results_number_input_tokens_mean": 561.0,
    "results_number_input_tokens_min": "175",
    "results_number_input_tokens_max": "1036",
    "results_number_input_tokens_stddev": 178.96310542524756,
    "results_number_output_tokens_quantiles_p25": 160.5,
    "results_number_output_tokens_quantiles_p50": 168.0,
    "results_number_output_tokens_quantiles_p75": 170.0,
    "results_number_output_tokens_quantiles_p90": 184.4,
    "results_number_output_tokens_quantiles_p95": 188.0,
    "results_number_output_tokens_quantiles_p99": 190.13,
    "results_number_output_tokens_mean": 166.4,
    "results_number_output_tokens_min": "99",
    "results_number_output_tokens_max": "191",
    "results_number_output_tokens_stddev": 16.591647254588366,
    "results_num_requests_started": 30,
    "results_error_rate": 0.0,
    "results_number_errors": 0,
    "results_error_code_frequency": "{}",
    "results_mean_output_throughput_token_per_s": 40.30398225870887,
    "results_num_completed_requests": 30,
    "results_num_completed_requests_per_min": 14.53268591059214,
    "timestamp": 1747148559
}