{
    "version": "2023-08-31",
    "name": "Gemma-3_32768_150_summary",
    "model": "Gemma-3",
    "mean_input_tokens": 32768,
    "stddev_input_tokens": 8192,
    "mean_output_tokens": 150,
    "stddev_output_tokens": 10,
    "num_concurrent_requests": 4,
    "results_inter_token_latency_s_quantiles_p25": 0.3852198166531891,
    "results_inter_token_latency_s_quantiles_p50": 0.4850621896629118,
    "results_inter_token_latency_s_quantiles_p75": 1.0043806164061184,
    "results_inter_token_latency_s_quantiles_p90": 1.3243198954948372,
    "results_inter_token_latency_s_quantiles_p95": 1.3551892021238874,
    "results_inter_token_latency_s_quantiles_p99": 1.4003028338896246,
    "results_inter_token_latency_s_mean": 0.6615349866633149,
    "results_inter_token_latency_s_min": 0.17853049039856866,
    "results_inter_token_latency_s_max": 1.4115812418310592,
    "results_inter_token_latency_s_stddev": 0.42873549318506965,
    "results_ttft_s_quantiles_p25": 33.5880473872503,
    "results_ttft_s_quantiles_p50": 43.13535229900117,
    "results_ttft_s_quantiles_p75": 140.1301849772508,
    "results_ttft_s_quantiles_p90": 170.7796205977,
    "results_ttft_s_quantiles_p95": 173.83924262199923,
    "results_ttft_s_quantiles_p99": 178.0542110620018,
    "results_ttft_s_mean": 74.8162845217226,
    "results_ttft_s_min": 12.361102247999952,
    "results_ttft_s_max": 179.10795317200245,
    "results_ttft_s_stddev": 62.39129266025183,
    "results_end_to_end_latency_s_quantiles_p25": 42.233238910248474,
    "results_end_to_end_latency_s_quantiles_p50": 57.5337316114983,
    "results_end_to_end_latency_s_quantiles_p75": 156.27700952850228,
    "results_end_to_end_latency_s_quantiles_p90": 184.84287575430062,
    "results_end_to_end_latency_s_quantiles_p95": 187.73641045864952,
    "results_end_to_end_latency_s_quantiles_p99": 191.12759006373034,
    "results_end_to_end_latency_s_mean": 88.23423480083329,
    "results_end_to_end_latency_s_min": 27.3154967699993,
    "results_end_to_end_latency_s_max": 191.97538496500056,
    "results_end_to_end_latency_s_stddev": 63.006304393551474,
    "results_request_output_throughput_token_per_s_quantiles_p25": 1.179820547873267,
    "results_request_output_throughput_token_per_s_quantiles_p50": 2.346061240911,
    "results_request_output_throughput_token_per_s_quantiles_p75": 3.0206670316212305,
    "results_request_output_throughput_token_per_s_quantiles_p90": 4.30333511524301,
    "results_request_output_throughput_token_per_s_quantiles_p95": 5.165734781438991,
    "results_request_output_throughput_token_per_s_quantiles_p99": 5.982718298094423,
    "results_request_output_throughput_token_per_s_mean": 2.4743341544832465,
    "results_request_output_throughput_token_per_s_min": 0.7865591728206672,
    "results_request_output_throughput_token_per_s_max": 6.186964177258283,
    "results_request_output_throughput_token_per_s_stddev": 1.49810419923524,
    "results_number_input_tokens_quantiles_p25": 29430.5,
    "results_number_input_tokens_quantiles_p50": 31968.0,
    "results_number_input_tokens_quantiles_p75": 34501.0,
    "results_number_input_tokens_quantiles_p90": 36445.1,
    "results_number_input_tokens_quantiles_p95": 38523.15,
    "results_number_input_tokens_quantiles_p99": 38687.03,
    "results_number_input_tokens_mean": 31850.444444444445,
    "results_number_input_tokens_min": "22070",
    "results_number_input_tokens_max": "38728",
    "results_number_input_tokens_stddev": 4301.520131059309,
    "results_number_output_tokens_quantiles_p25": 151.0,
    "results_number_output_tokens_quantiles_p50": 163.0,
    "results_number_output_tokens_quantiles_p75": 172.25,
    "results_number_output_tokens_quantiles_p90": 188.3,
    "results_number_output_tokens_quantiles_p95": 189.3,
    "results_number_output_tokens_quantiles_p99": 190.66,
    "results_number_output_tokens_mean": 152.77777777777777,
    "results_number_output_tokens_min": "63",
    "results_number_output_tokens_max": "191",
    "results_number_output_tokens_stddev": 37.41744726029722,
    "results_num_requests_started": 18,
    "results_error_rate": 0.0,
    "results_number_errors": 0,
    "results_error_code_frequency": "{}",
    "results_mean_output_throughput_token_per_s": 4.374217077127837,
    "results_num_completed_requests": 18,
    "results_num_completed_requests_per_min": 1.7178743430174777,
    "timestamp": 1747147987
}