{
    "version": "2023-08-31",
    "name": "Gemma-3_550_150_summary",
    "model": "Gemma-3",
    "mean_input_tokens": 550,
    "stddev_input_tokens": 150,
    "mean_output_tokens": 150,
    "stddev_output_tokens": 10,
    "num_concurrent_requests": 5,
    "results_inter_token_latency_s_quantiles_p25": 0.11364551506697909,
    "results_inter_token_latency_s_quantiles_p50": 0.11410022777512058,
    "results_inter_token_latency_s_quantiles_p75": 0.11482375112146614,
    "results_inter_token_latency_s_quantiles_p90": 0.1161342921692261,
    "results_inter_token_latency_s_quantiles_p95": 0.11631526004373756,
    "results_inter_token_latency_s_quantiles_p99": 0.12030961782763722,
    "results_inter_token_latency_s_mean": 0.11450135403323544,
    "results_inter_token_latency_s_min": 0.11204904501228272,
    "results_inter_token_latency_s_max": 0.12193013558480435,
    "results_inter_token_latency_s_stddev": 0.001770259106540938,
    "results_ttft_s_quantiles_p25": 3.1665776754989565,
    "results_ttft_s_quantiles_p50": 3.184731791498052,
    "results_ttft_s_quantiles_p75": 3.224274544999389,
    "results_ttft_s_quantiles_p90": 3.2447832645990276,
    "results_ttft_s_quantiles_p95": 3.2486478585520673,
    "results_ttft_s_quantiles_p99": 3.272732719052219,
    "results_ttft_s_mean": 3.1957385534332086,
    "results_ttft_s_min": 3.143754471999273,
    "results_ttft_s_max": 3.2818235680024372,
    "results_ttft_s_stddev": 0.03579484419214195,
    "results_end_to_end_latency_s_quantiles_p25": 16.37910483250107,
    "results_end_to_end_latency_s_quantiles_p50": 16.884390207500473,
    "results_end_to_end_latency_s_quantiles_p75": 17.447662566500185,
    "results_end_to_end_latency_s_quantiles_p90": 18.304607933701117,
    "results_end_to_end_latency_s_quantiles_p95": 18.380472207251294,
    "results_end_to_end_latency_s_quantiles_p99": 18.45248382935999,
    "results_end_to_end_latency_s_mean": 16.92632816619989,
    "results_end_to_end_latency_s_min": 14.49515382199752,
    "results_end_to_end_latency_s_max": 18.46048626799893,
    "results_end_to_end_latency_s_stddev": 0.9708731082775867,
    "results_request_output_throughput_token_per_s_quantiles_p25": 9.72261793763239,
    "results_request_output_throughput_token_per_s_quantiles_p50": 9.919936069288768,
    "results_request_output_throughput_token_per_s_quantiles_p75": 10.166123609864465,
    "results_request_output_throughput_token_per_s_quantiles_p90": 10.404151069898884,
    "results_request_output_throughput_token_per_s_quantiles_p95": 10.53047052557177,
    "results_request_output_throughput_token_per_s_quantiles_p99": 10.622980830672127,
    "results_request_output_throughput_token_per_s_mean": 9.953226407665477,
    "results_request_output_throughput_token_per_s_min": 9.037503265484313,
    "results_request_output_throughput_token_per_s_max": 10.628954718311709,
    "results_request_output_throughput_token_per_s_stddev": 0.3399933524915825,
    "results_number_input_tokens_quantiles_p25": 470.5,
    "results_number_input_tokens_quantiles_p50": 564.0,
    "results_number_input_tokens_quantiles_p75": 626.25,
    "results_number_input_tokens_quantiles_p90": 785.9000000000001,
    "results_number_input_tokens_quantiles_p95": 897.2499999999995,
    "results_number_input_tokens_quantiles_p99": 1015.99,
    "results_number_input_tokens_mean": 561.0,
    "results_number_input_tokens_min": "175",
    "results_number_input_tokens_max": "1036",
    "results_number_input_tokens_stddev": 178.96310542524756,
    "results_number_output_tokens_quantiles_p25": 160.5,
    "results_number_output_tokens_quantiles_p50": 169.5,
    "results_number_output_tokens_quantiles_p75": 174.0,
    "results_number_output_tokens_quantiles_p90": 184.4,
    "results_number_output_tokens_quantiles_p95": 188.55,
    "results_number_output_tokens_quantiles_p99": 190.42000000000002,
    "results_number_output_tokens_mean": 168.6,
    "results_number_output_tokens_min": "131",
    "results_number_output_tokens_max": "191",
    "results_number_output_tokens_stddev": 12.866958486357808,
    "results_num_requests_started": 30,
    "results_error_rate": 0.0,
    "results_number_errors": 0,
    "results_error_code_frequency": "{}",
    "results_mean_output_throughput_token_per_s": 41.412323487166425,
    "results_num_completed_requests": 30,
    "results_num_completed_requests_per_min": 14.737481668030759,
    "timestamp": 1747148701
}