{
    "version": "2023-08-31",
    "name": "Gemma-3_550_150_summary",
    "model": "Gemma-3",
    "mean_input_tokens": 550,
    "stddev_input_tokens": 150,
    "mean_output_tokens": 150,
    "stddev_output_tokens": 10,
    "num_concurrent_requests": 4,
    "results_inter_token_latency_s_quantiles_p25": 0.1108987140859964,
    "results_inter_token_latency_s_quantiles_p50": 0.11302361702962499,
    "results_inter_token_latency_s_quantiles_p75": 0.11534839153110331,
    "results_inter_token_latency_s_quantiles_p90": 0.11660203291335684,
    "results_inter_token_latency_s_quantiles_p95": 0.11731990333203039,
    "results_inter_token_latency_s_quantiles_p99": 0.11784774529062486,
    "results_inter_token_latency_s_mean": 0.1130583748261154,
    "results_inter_token_latency_s_min": 0.10769000852184793,
    "results_inter_token_latency_s_max": 0.11814083980433403,
    "results_inter_token_latency_s_stddev": 0.0027221912330717417,
    "results_ttft_s_quantiles_p25": 3.1812177177498597,
    "results_ttft_s_quantiles_p50": 3.21309594900049,
    "results_ttft_s_quantiles_p75": 3.2692011259996434,
    "results_ttft_s_quantiles_p90": 3.3020389942990733,
    "results_ttft_s_quantiles_p95": 3.325847257350324,
    "results_ttft_s_quantiles_p99": 3.4069788043917284,
    "results_ttft_s_mean": 3.2292713574001026,
    "results_ttft_s_min": 3.139135470999463,
    "results_ttft_s_max": 3.5047901720026857,
    "results_ttft_s_stddev": 0.06603428030339085,
    "results_end_to_end_latency_s_quantiles_p25": 16.235113209999327,
    "results_end_to_end_latency_s_quantiles_p50": 16.929046742998253,
    "results_end_to_end_latency_s_quantiles_p75": 17.399728428498747,
    "results_end_to_end_latency_s_quantiles_p90": 17.800589353599207,
    "results_end_to_end_latency_s_quantiles_p95": 17.992577182798232,
    "results_end_to_end_latency_s_quantiles_p99": 18.66990039777087,
    "results_end_to_end_latency_s_mean": 16.83114588298322,
    "results_end_to_end_latency_s_min": 13.238695027001086,
    "results_end_to_end_latency_s_max": 18.72627684300096,
    "results_end_to_end_latency_s_stddev": 0.9089452307915087,
    "results_request_output_throughput_token_per_s_quantiles_p25": 9.71787572223997,
    "results_request_output_throughput_token_per_s_quantiles_p50": 9.995542791169802,
    "results_request_output_throughput_token_per_s_quantiles_p75": 10.228953921528012,
    "results_request_output_throughput_token_per_s_quantiles_p90": 10.502938450264574,
    "results_request_output_throughput_token_per_s_quantiles_p95": 10.737870223026167,
    "results_request_output_throughput_token_per_s_quantiles_p99": 10.825093543356028,
    "results_request_output_throughput_token_per_s_mean": 10.007320677342582,
    "results_request_output_throughput_token_per_s_min": 9.19861393961449,
    "results_request_output_throughput_token_per_s_max": 10.842959110877779,
    "results_request_output_throughput_token_per_s_stddev": 0.3798783684306672,
    "results_number_input_tokens_quantiles_p25": 467.75,
    "results_number_input_tokens_quantiles_p50": 534.5,
    "results_number_input_tokens_quantiles_p75": 616.75,
    "results_number_input_tokens_quantiles_p90": 762.3000000000001,
    "results_number_input_tokens_quantiles_p95": 871.8499999999998,
    "results_number_input_tokens_quantiles_p99": 995.2899999999997,
    "results_number_input_tokens_mean": 557.8,
    "results_number_input_tokens_min": "175",
    "results_number_input_tokens_max": "1036",
    "results_number_input_tokens_stddev": 157.48088934367425,
    "results_number_output_tokens_quantiles_p25": 161.0,
    "results_number_output_tokens_quantiles_p50": 168.0,
    "results_number_output_tokens_quantiles_p75": 176.0,
    "results_number_output_tokens_quantiles_p90": 184.0,
    "results_number_output_tokens_quantiles_p95": 188.0,
    "results_number_output_tokens_quantiles_p99": 189.82,
    "results_number_output_tokens_mean": 168.46666666666667,
    "results_number_output_tokens_min": "128",
    "results_number_output_tokens_max": "191",
    "results_number_output_tokens_stddev": 11.570662296891244,
    "results_num_requests_started": 60,
    "results_error_rate": 0.0,
    "results_number_errors": 0,
    "results_error_code_frequency": "{}",
    "results_mean_output_throughput_token_per_s": 36.87095321884716,
    "results_num_completed_requests": 60,
    "results_num_completed_requests_per_min": 13.13172057655815,
    "timestamp": 1747145077
}