{
    "version": "2023-08-31",
    "name": "Gemma-3_550_150_summary",
    "model": "Gemma-3",
    "mean_input_tokens": 550,
    "stddev_input_tokens": 150,
    "mean_output_tokens": 150,
    "stddev_output_tokens": 10,
    "num_concurrent_requests": 1,
    "results_inter_token_latency_s_quantiles_p25": 0.11517100004069142,
    "results_inter_token_latency_s_quantiles_p50": 0.11618347429028313,
    "results_inter_token_latency_s_quantiles_p75": 0.11777817560454433,
    "results_inter_token_latency_s_quantiles_p90": 0.11867466692194074,
    "results_inter_token_latency_s_quantiles_p95": 0.11969920711405936,
    "results_inter_token_latency_s_quantiles_p99": 0.12471130256491011,
    "results_inter_token_latency_s_mean": 0.11668641746411645,
    "results_inter_token_latency_s_min": 0.11295269407832034,
    "results_inter_token_latency_s_max": 0.12721918910549568,
    "results_inter_token_latency_s_stddev": 0.002497560295252933,
    "results_ttft_s_quantiles_p25": 3.143029729999398,
    "results_ttft_s_quantiles_p50": 3.146521794998989,
    "results_ttft_s_quantiles_p75": 3.154704673501328,
    "results_ttft_s_quantiles_p90": 3.237533059600537,
    "results_ttft_s_quantiles_p95": 3.2446241896988797,
    "results_ttft_s_quantiles_p99": 3.250769718059746,
    "results_ttft_s_mean": 3.1607781366286094,
    "results_ttft_s_min": 3.1378394899984414,
    "results_ttft_s_max": 3.2537061250004626,
    "results_ttft_s_stddev": 0.03472230726828305,
    "results_end_to_end_latency_s_quantiles_p25": 16.751206594501127,
    "results_end_to_end_latency_s_quantiles_p50": 17.311955093002325,
    "results_end_to_end_latency_s_quantiles_p75": 17.868551255000057,
    "results_end_to_end_latency_s_quantiles_p90": 18.47820098039883,
    "results_end_to_end_latency_s_quantiles_p95": 18.614394685901424,
    "results_end_to_end_latency_s_quantiles_p99": 18.91981655270196,
    "results_end_to_end_latency_s_mean": 17.204220974285377,
    "results_end_to_end_latency_s_min": 12.189326247997087,
    "results_end_to_end_latency_s_max": 18.970170602002327,
    "results_end_to_end_latency_s_stddev": 1.2122515089917032,
    "results_request_output_throughput_token_per_s_quantiles_p25": 9.56258429316797,
    "results_request_output_throughput_token_per_s_quantiles_p50": 9.70257851814812,
    "results_request_output_throughput_token_per_s_quantiles_p75": 9.865267286220183,
    "results_request_output_throughput_token_per_s_quantiles_p90": 10.100484080666059,
    "results_request_output_throughput_token_per_s_quantiles_p95": 10.169346276513375,
    "results_request_output_throughput_token_per_s_quantiles_p99": 10.320501073831771,
    "results_request_output_throughput_token_per_s_mean": 9.705217029806594,
    "results_request_output_throughput_token_per_s_min": 8.614093827971278,
    "results_request_output_throughput_token_per_s_max": 10.380843209550559,
    "results_request_output_throughput_token_per_s_stddev": 0.3136513283149183,
    "results_number_input_tokens_quantiles_p25": 471.0,
    "results_number_input_tokens_quantiles_p50": 567.0,
    "results_number_input_tokens_quantiles_p75": 609.0,
    "results_number_input_tokens_quantiles_p90": 733.4000000000002,
    "results_number_input_tokens_quantiles_p95": 858.4999999999995,
    "results_number_input_tokens_quantiles_p99": 1012.5399999999997,
    "results_number_input_tokens_mean": 559.0857142857143,
    "results_number_input_tokens_min": "175",
    "results_number_input_tokens_max": "1036",
    "results_number_input_tokens_stddev": 166.22616970801656,
    "results_number_output_tokens_quantiles_p25": 162.0,
    "results_number_output_tokens_quantiles_p50": 167.0,
    "results_number_output_tokens_quantiles_p75": 174.5,
    "results_number_output_tokens_quantiles_p90": 183.0,
    "results_number_output_tokens_quantiles_p95": 188.0,
    "results_number_output_tokens_quantiles_p99": 189.98,
    "results_number_output_tokens_mean": 167.2,
    "results_number_output_tokens_min": "105",
    "results_number_output_tokens_max": "191",
    "results_number_output_tokens_stddev": 15.062223880798417,
    "results_num_requests_started": 35,
    "results_error_rate": 0.0,
    "results_number_errors": 0,
    "results_error_code_frequency": "{}",
    "results_mean_output_throughput_token_per_s": 9.703708805665267,
    "results_num_completed_requests": 35,
    "results_num_completed_requests_per_min": 3.482192155143038,
    "timestamp": 1747144784
}