{
    "version": "2023-08-31",
    "name": "Gemma-3_550_150_summary",
    "model": "Gemma-3",
    "mean_input_tokens": 550,
    "stddev_input_tokens": 150,
    "mean_output_tokens": 150,
    "stddev_output_tokens": 10,
    "num_concurrent_requests": 1,
    "results_inter_token_latency_s_quantiles_p25": 0.11490543473442498,
    "results_inter_token_latency_s_quantiles_p50": 0.11536501362934953,
    "results_inter_token_latency_s_quantiles_p75": 0.11706323917123787,
    "results_inter_token_latency_s_quantiles_p90": 0.11759044536336728,
    "results_inter_token_latency_s_quantiles_p95": 0.1181765698920501,
    "results_inter_token_latency_s_quantiles_p99": 0.11889419529371476,
    "results_inter_token_latency_s_mean": 0.11575273737342796,
    "results_inter_token_latency_s_min": 0.11223696585609559,
    "results_inter_token_latency_s_max": 0.11903344940591247,
    "results_inter_token_latency_s_stddev": 0.0015964813645964369,
    "results_ttft_s_quantiles_p25": 3.1516375215014705,
    "results_ttft_s_quantiles_p50": 3.221332959499705,
    "results_ttft_s_quantiles_p75": 3.2622038910012634,
    "results_ttft_s_quantiles_p90": 3.2863649392009395,
    "results_ttft_s_quantiles_p95": 3.3185174247006217,
    "results_ttft_s_quantiles_p99": 3.353202779629246,
    "results_ttft_s_mean": 3.216008890566809,
    "results_ttft_s_min": 3.131090304999816,
    "results_ttft_s_max": 3.36732825999934,
    "results_ttft_s_stddev": 0.0653568497042832,
    "results_end_to_end_latency_s_quantiles_p25": 16.55315138275091,
    "results_end_to_end_latency_s_quantiles_p50": 17.216266073501174,
    "results_end_to_end_latency_s_quantiles_p75": 17.83049573899916,
    "results_end_to_end_latency_s_quantiles_p90": 18.257829502198366,
    "results_end_to_end_latency_s_quantiles_p95": 18.66936861330123,
    "results_end_to_end_latency_s_quantiles_p99": 18.722608369370356,
    "results_end_to_end_latency_s_mean": 17.110545242333682,
    "results_end_to_end_latency_s_min": 13.974188282001705,
    "results_end_to_end_latency_s_max": 18.7323675789994,
    "results_end_to_end_latency_s_stddev": 1.034786259932542,
    "results_request_output_throughput_token_per_s_quantiles_p25": 9.572152737216225,
    "results_request_output_throughput_token_per_s_quantiles_p50": 9.84258056793478,
    "results_request_output_throughput_token_per_s_quantiles_p75": 10.035337293988562,
    "results_request_output_throughput_token_per_s_quantiles_p90": 10.16432051257387,
    "results_request_output_throughput_token_per_s_quantiles_p95": 10.286978392821593,
    "results_request_output_throughput_token_per_s_quantiles_p99": 10.483439648782863,
    "results_request_output_throughput_token_per_s_mean": 9.823408401224787,
    "results_request_output_throughput_token_per_s_min": 9.302865925131101,
    "results_request_output_throughput_token_per_s_max": 10.549973155678865,
    "results_request_output_throughput_token_per_s_stddev": 0.3016890269148186,
    "results_number_input_tokens_quantiles_p25": 470.5,
    "results_number_input_tokens_quantiles_p50": 564.0,
    "results_number_input_tokens_quantiles_p75": 626.25,
    "results_number_input_tokens_quantiles_p90": 785.9000000000001,
    "results_number_input_tokens_quantiles_p95": 897.2499999999995,
    "results_number_input_tokens_quantiles_p99": 1015.99,
    "results_number_input_tokens_mean": 561.0,
    "results_number_input_tokens_min": "175",
    "results_number_input_tokens_max": "1036",
    "results_number_input_tokens_stddev": 178.96310542524756,
    "results_number_output_tokens_quantiles_p25": 162.0,
    "results_number_output_tokens_quantiles_p50": 168.5,
    "results_number_output_tokens_quantiles_p75": 174.0,
    "results_number_output_tokens_quantiles_p90": 184.4,
    "results_number_output_tokens_quantiles_p95": 188.0,
    "results_number_output_tokens_quantiles_p99": 190.13,
    "results_number_output_tokens_mean": 168.2,
    "results_number_output_tokens_min": "130",
    "results_number_output_tokens_max": "191",
    "results_number_output_tokens_stddev": 12.93058390019569,
    "results_num_requests_started": 30,
    "results_error_rate": 0.0,
    "results_number_errors": 0,
    "results_error_code_frequency": "{}",
    "results_mean_output_throughput_token_per_s": 9.813896032027811,
    "results_num_completed_requests": 30,
    "results_num_completed_requests_per_min": 3.5007952551823345,
    "timestamp": 1747144009
}