{
    "version": "2023-08-31",
    "name": "Gemma-3_550_150_summary",
    "model": "Gemma-3",
    "mean_input_tokens": 550,
    "stddev_input_tokens": 150,
    "mean_output_tokens": 150,
    "stddev_output_tokens": 10,
    "num_concurrent_requests": 8,
    "results_inter_token_latency_s_quantiles_p25": 0.11912660175505901,
    "results_inter_token_latency_s_quantiles_p50": 0.15673203675022174,
    "results_inter_token_latency_s_quantiles_p75": 0.1787227519867941,
    "results_inter_token_latency_s_quantiles_p90": 0.20075955963881134,
    "results_inter_token_latency_s_quantiles_p95": 0.21315958055539297,
    "results_inter_token_latency_s_quantiles_p99": 0.23111465888103272,
    "results_inter_token_latency_s_mean": 0.15435814956159172,
    "results_inter_token_latency_s_min": 0.11290648298707956,
    "results_inter_token_latency_s_max": 0.24561804584479702,
    "results_inter_token_latency_s_stddev": 0.03438357722233663,
    "results_ttft_s_quantiles_p25": 3.607033244001286,
    "results_ttft_s_quantiles_p50": 9.72414112450133,
    "results_ttft_s_quantiles_p75": 12.604816309001762,
    "results_ttft_s_quantiles_p90": 14.388938057100678,
    "results_ttft_s_quantiles_p95": 16.41601260484931,
    "results_ttft_s_quantiles_p99": 19.391963481540134,
    "results_ttft_s_mean": 8.936925839133316,
    "results_ttft_s_min": 3.1694437919977645,
    "results_ttft_s_max": 22.146991487999912,
    "results_ttft_s_stddev": 4.917036155184909,
    "results_end_to_end_latency_s_quantiles_p25": 17.898331415751272,
    "results_end_to_end_latency_s_quantiles_p50": 22.6690464960011,
    "results_end_to_end_latency_s_quantiles_p75": 26.875718241749382,
    "results_end_to_end_latency_s_quantiles_p90": 27.945621415399728,
    "results_end_to_end_latency_s_quantiles_p95": 29.680579812650464,
    "results_end_to_end_latency_s_quantiles_p99": 33.03823123224154,
    "results_end_to_end_latency_s_mean": 22.87736459295023,
    "results_end_to_end_latency_s_min": 16.10693819000153,
    "results_end_to_end_latency_s_max": 36.35178649700174,
    "results_end_to_end_latency_s_stddev": 4.868992296097353,
    "results_request_output_throughput_token_per_s_quantiles_p25": 6.376669012271197,
    "results_request_output_throughput_token_per_s_quantiles_p50": 7.2225238750889655,
    "results_request_output_throughput_token_per_s_quantiles_p75": 9.391730636041713,
    "results_request_output_throughput_token_per_s_quantiles_p90": 9.749236473733433,
    "results_request_output_throughput_token_per_s_quantiles_p95": 9.929326137550643,
    "results_request_output_throughput_token_per_s_quantiles_p99": 10.186804440224488,
    "results_request_output_throughput_token_per_s_mean": 7.690471404111099,
    "results_request_output_throughput_token_per_s_min": 4.869086695769376,
    "results_request_output_throughput_token_per_s_max": 10.209633989755021,
    "results_request_output_throughput_token_per_s_stddev": 1.6537957995925245,
    "results_number_input_tokens_quantiles_p25": 467.75,
    "results_number_input_tokens_quantiles_p50": 534.5,
    "results_number_input_tokens_quantiles_p75": 607.5,
    "results_number_input_tokens_quantiles_p90": 739.3000000000001,
    "results_number_input_tokens_quantiles_p95": 814.8499999999998,
    "results_number_input_tokens_quantiles_p99": 995.2899999999997,
    "results_number_input_tokens_mean": 550.95,
    "results_number_input_tokens_min": "175",
    "results_number_input_tokens_max": "1036",
    "results_number_input_tokens_stddev": 149.78079180328945,
    "results_number_output_tokens_quantiles_p25": 161.0,
    "results_number_output_tokens_quantiles_p50": 168.5,
    "results_number_output_tokens_quantiles_p75": 176.25,
    "results_number_output_tokens_quantiles_p90": 184.0,
    "results_number_output_tokens_quantiles_p95": 188.0,
    "results_number_output_tokens_quantiles_p99": 189.82,
    "results_number_output_tokens_mean": 168.65,
    "results_number_output_tokens_min": "105",
    "results_number_output_tokens_max": "191",
    "results_number_output_tokens_stddev": 13.21635478860586,
    "results_num_requests_started": 60,
    "results_error_rate": 0.0,
    "results_number_errors": 0,
    "results_error_code_frequency": "{}",
    "results_mean_output_throughput_token_per_s": 49.98944111553746,
    "results_num_completed_requests": 60,
    "results_num_completed_requests_per_min": 17.784562507751247,
    "timestamp": 1747145299
}