{
    "version": "2023-08-31",
    "name": "Gemma-3_550_150_summary",
    "model": "Gemma-3",
    "mean_input_tokens": 550,
    "stddev_input_tokens": 150,
    "mean_output_tokens": 150,
    "stddev_output_tokens": 10,
    "num_concurrent_requests": 5,
    "additional_sampling_params_top_k": 50,
    "additional_sampling_params_top_p": 0.9,
    "results_inter_token_latency_s_quantiles_p25": 0.11698890467350731,
    "results_inter_token_latency_s_quantiles_p50": 0.11883518654549752,
    "results_inter_token_latency_s_quantiles_p75": 0.12162093423557793,
    "results_inter_token_latency_s_quantiles_p90": 0.12516270369849766,
    "results_inter_token_latency_s_quantiles_p95": 0.12542463016031802,
    "results_inter_token_latency_s_quantiles_p99": 0.12586282681629335,
    "results_inter_token_latency_s_mean": 0.11935346800029249,
    "results_inter_token_latency_s_min": 0.11361151257758437,
    "results_inter_token_latency_s_max": 0.12603403728679255,
    "results_inter_token_latency_s_stddev": 0.003507050520840416,
    "results_ttft_s_quantiles_p25": 3.26906374599821,
    "results_ttft_s_quantiles_p50": 3.3002336740009923,
    "results_ttft_s_quantiles_p75": 3.352454972250598,
    "results_ttft_s_quantiles_p90": 3.757530369900633,
    "results_ttft_s_quantiles_p95": 3.7727699638022387,
    "results_ttft_s_quantiles_p99": 3.7866981670016684,
    "results_ttft_s_mean": 3.360486218333608,
    "results_ttft_s_min": 3.162237896998704,
    "results_ttft_s_max": 3.7884574810013874,
    "results_ttft_s_stddev": 0.17511371805193732,
    "results_end_to_end_latency_s_quantiles_p25": 17.197657040501326,
    "results_end_to_end_latency_s_quantiles_p50": 17.61162617949958,
    "results_end_to_end_latency_s_quantiles_p75": 18.407920284001193,
    "results_end_to_end_latency_s_quantiles_p90": 18.538427556097666,
    "results_end_to_end_latency_s_quantiles_p95": 18.724353785349013,
    "results_end_to_end_latency_s_quantiles_p99": 19.15857034406963,
    "results_end_to_end_latency_s_mean": 17.630262381666277,
    "results_end_to_end_latency_s_min": 14.411580527001206,
    "results_end_to_end_latency_s_max": 19.290539489000366,
    "results_end_to_end_latency_s_stddev": 0.9490531335396337,
    "results_request_output_throughput_token_per_s_quantiles_p25": 9.342981734854188,
    "results_request_output_throughput_token_per_s_quantiles_p50": 9.537071918035352,
    "results_request_output_throughput_token_per_s_quantiles_p75": 9.829404727103519,
    "results_request_output_throughput_token_per_s_quantiles_p90": 9.903066483246056,
    "results_request_output_throughput_token_per_s_quantiles_p95": 9.953473682555785,
    "results_request_output_throughput_token_per_s_quantiles_p99": 10.191815052902204,
    "results_request_output_throughput_token_per_s_mean": 9.527282923200012,
    "results_request_output_throughput_token_per_s_min": 8.746562387507453,
    "results_request_output_throughput_token_per_s_max": 10.277854533944575,
    "results_request_output_throughput_token_per_s_stddev": 0.37395994916120323,
    "results_number_input_tokens_quantiles_p25": 470.5,
    "results_number_input_tokens_quantiles_p50": 564.0,
    "results_number_input_tokens_quantiles_p75": 626.25,
    "results_number_input_tokens_quantiles_p90": 785.9000000000001,
    "results_number_input_tokens_quantiles_p95": 897.2499999999995,
    "results_number_input_tokens_quantiles_p99": 1015.99,
    "results_number_input_tokens_mean": 561.0,
    "results_number_input_tokens_min": "175",
    "results_number_input_tokens_max": "1036",
    "results_number_input_tokens_stddev": 178.96310542524756,
    "results_number_output_tokens_quantiles_p25": 161.25,
    "results_number_output_tokens_quantiles_p50": 168.0,
    "results_number_output_tokens_quantiles_p75": 173.75,
    "results_number_output_tokens_quantiles_p90": 184.4,
    "results_number_output_tokens_quantiles_p95": 188.0,
    "results_number_output_tokens_quantiles_p99": 190.13,
    "results_number_output_tokens_mean": 168.1,
    "results_number_output_tokens_min": "130",
    "results_number_output_tokens_max": "191",
    "results_number_output_tokens_stddev": 12.983676754639477,
    "results_num_requests_started": 30,
    "results_error_rate": 0.0,
    "results_number_errors": 0,
    "results_error_code_frequency": "{}",
    "results_mean_output_throughput_token_per_s": 39.89016786660443,
    "results_num_completed_requests": 30,
    "results_num_completed_requests_per_min": 14.23801351574221,
    "timestamp": 1747148272
}