{
    "version": "2023-08-31",
    "name": "Gemma-3_512_150_summary",
    "model": "Gemma-3",
    "mean_input_tokens": 512,
    "stddev_input_tokens": 128,
    "mean_output_tokens": 150,
    "stddev_output_tokens": 10,
    "num_concurrent_requests": 4,
    "results_inter_token_latency_s_quantiles_p25": 0.11261366870182493,
    "results_inter_token_latency_s_quantiles_p50": 0.11345308637839008,
    "results_inter_token_latency_s_quantiles_p75": 0.11466010418213397,
    "results_inter_token_latency_s_quantiles_p90": 0.11572785119951377,
    "results_inter_token_latency_s_quantiles_p95": 0.11590664679915907,
    "results_inter_token_latency_s_quantiles_p99": 0.11686913638320726,
    "results_inter_token_latency_s_mean": 0.11357530594649975,
    "results_inter_token_latency_s_min": 0.11088614231689095,
    "results_inter_token_latency_s_max": 0.1171097587792193,
    "results_inter_token_latency_s_stddev": 0.0016345759874105182,
    "results_ttft_s_quantiles_p25": 3.1810667110003124,
    "results_ttft_s_quantiles_p50": 3.208598377501403,
    "results_ttft_s_quantiles_p75": 3.2589603695014375,
    "results_ttft_s_quantiles_p90": 3.3036759419010195,
    "results_ttft_s_quantiles_p95": 3.3043572214015513,
    "results_ttft_s_quantiles_p99": 3.305496330680144,
    "results_ttft_s_mean": 3.2202646028503294,
    "results_ttft_s_min": 3.1415408169996226,
    "results_ttft_s_max": 3.305781107999792,
    "results_ttft_s_stddev": 0.05488440517028105,
    "results_end_to_end_latency_s_quantiles_p25": 16.0899693202482,
    "results_end_to_end_latency_s_quantiles_p50": 16.67604094700073,
    "results_end_to_end_latency_s_quantiles_p75": 17.199297667748397,
    "results_end_to_end_latency_s_quantiles_p90": 17.86362522700292,
    "results_end_to_end_latency_s_quantiles_p95": 17.96228465585009,
    "results_end_to_end_latency_s_quantiles_p99": 18.02314803756919,
    "results_end_to_end_latency_s_mean": 16.708840146900364,
    "results_end_to_end_latency_s_min": 15.008577426000556,
    "results_end_to_end_latency_s_max": 18.038363882998965,
    "results_end_to_end_latency_s_stddev": 0.7873033060231922,
    "results_request_output_throughput_token_per_s_quantiles_p25": 9.816805370304476,
    "results_request_output_throughput_token_per_s_quantiles_p50": 10.039181593623622,
    "results_request_output_throughput_token_per_s_quantiles_p75": 10.222739829163872,
    "results_request_output_throughput_token_per_s_quantiles_p90": 10.473092985596677,
    "results_request_output_throughput_token_per_s_quantiles_p95": 10.521848254623192,
    "results_request_output_throughput_token_per_s_quantiles_p99": 10.663103525462448,
    "results_request_output_throughput_token_per_s_mean": 10.027882013082516,
    "results_request_output_throughput_token_per_s_min": 9.48056603352157,
    "results_request_output_throughput_token_per_s_max": 10.698417343172263,
    "results_request_output_throughput_token_per_s_stddev": 0.3331960276227285,
    "results_number_input_tokens_quantiles_p25": 444.75,
    "results_number_input_tokens_quantiles_p50": 499.0,
    "results_number_input_tokens_quantiles_p75": 543.0,
    "results_number_input_tokens_quantiles_p90": 631.3000000000004,
    "results_number_input_tokens_quantiles_p95": 870.95,
    "results_number_input_tokens_quantiles_p99": 915.79,
    "results_number_input_tokens_mean": 524.95,
    "results_number_input_tokens_min": "344",
    "results_number_input_tokens_max": "927",
    "results_number_input_tokens_stddev": 144.9135767857591,
    "results_number_output_tokens_quantiles_p25": 159.75,
    "results_number_output_tokens_quantiles_p50": 168.0,
    "results_number_output_tokens_quantiles_p75": 173.25,
    "results_number_output_tokens_quantiles_p90": 186.2,
    "results_number_output_tokens_quantiles_p95": 188.15,
    "results_number_output_tokens_quantiles_p99": 190.43,
    "results_number_output_tokens_mean": 167.7,
    "results_number_output_tokens_min": "143",
    "results_number_output_tokens_max": "191",
    "results_number_output_tokens_stddev": 12.048585852814082,
    "results_num_requests_started": 20,
    "results_error_rate": 0.0,
    "results_number_errors": 0,
    "results_error_code_frequency": "{}",
    "results_mean_output_throughput_token_per_s": 32.73992368914492,
    "results_num_completed_requests": 20,
    "results_num_completed_requests_per_min": 11.713747294864016,
    "timestamp": 1747146798
}